topic_cluster,n_papers,top_terms
1,641,"reinforcement, reinforcement learning, learning, deep reinforcement, deep"
2,224,"adversarial, robustness, examples, adversarial examples, adversarial robustness"
3,668,"missingkeyword, goal conditioned, gpt, gpu, gradient"
4,2276,"learning, optimization, model, data, language"
5,289,"generative, generative models, models, generative adversarial, adversarial"
6,120,"variational, inference, variational inference, variational autoencoder, autoencoder"
7,476,"deep learning, deep, learning, learning deep, optimization"
8,78,"federated, federated learning, learning, privacy, optimization"
9,263,"network, neural network, neural, graph, graph neural"
10,155,"language, natural language, natural, language processing, processing"
11,274,"representation, representation learning, learning, learning representation, unsupervised"
12,459,"neural networks, networks, neural, graph, graph neural"
